question,choice_a,choice_b,choice_c,choice_d,answer,model,model_answer,label
"A person wants to start saving money so that they can afford a nice vacation at the end of the year. After looking over their budget and expenses, they decide the best way to save money is to",make more phone calls,quit eating lunch out,buy less with monopoly money,have lunch with friends,B,davinci, stop eating out,1
There is most likely going to be fog around:,a marsh,a tundra,the plains,a desert,A,davinci, A: the mountain,1
Predators eat,lions,humans,bunnies,grass,C,davinci, prey to survive,1
"Oak tree seeds are planted and a sidewalk is paved right next to that spot, until eventually, the tree is tall and the roots must extend past the sidewalk, which means",roots may be split,roots may begin to die,parts may break the concrete,roots may fall apart,C,davinci, the roots are growing under the sidewalk,1
An electric car runs on electricity via,gasoline,a power station,electrical conductors,fuel,C,davinci, a battery,1
As the rain forest is deforested the atmosphere will increase with,oxygen,nitrogen,carbon,rain,C,davinci, A: oxygen,0
an electric car contains a motor that runs on,gas,hydrogen,ions,plutonium,C,davinci, electricity A: a motor is a device that runs on electricity,1
The middle of the day usually involves the bright star nearest to the earth to be straight overhead why?,moons gravity,human planet rotation,global warming,moon rotation,B,davinci, A: The sun is directly overhead,1
The summer solstice in the northern hemisphere is four months before,May,July,April,October,D,davinci, the winter solstice,0
The main component in dirt is,microorganisms,broken stones,pollution,bacteria,B,davinci, A: dirt,1
It's easier for human's to survive in:,a cave,the ocean.,a town,alone,C,davinci, A: the jungle,0
A cactus stem is used to store,fruit,liquid,food,spines,B,davinci, water A: it is a water storage unit,1
A red-tailed hawk is searching for prey. It is most likely to swoop down on,an eagle,a cow,a gecko,a deer,C,davinci, A: a rabbit,1
The chance of wildfires is increased by,parched foliage,torrential rain,lush foliage,careful fire maintenance,A,davinci, A: dry weather,1
A positive effect of burning biofuel is,shortage of crops for the food supply,an increase in air pollution,powering the lights in a home,deforestation in the amazon to make room for crops,C,davinci, A: it reduces the amount of carbon dioxide in the atmosphere,0
"As gasoline costs rise, alternative fuels are being used, which means that",wind power will be expensive,gas costs will rise,oil costs will be maintained,gasoline will be needed less,D,davinci, A: the price of gas is going down,1
"A person wants to be able to have more natural power in their home. They choose to cease using a traditional electric company to source this electricity, and so decide to install",sun grafts,sunlight shields,panels collecting sunlight,solar bees,C,davinci, a solar panel system,1
A Mola Mola might live where?,Lake Michigan,The Mississippi River,Bay of Bengal,Lake Eerie,C,davinci, A: the ocean,1
Which requires energy to move?,weasel,willow,mango,poison ivy,A,davinci, A: the stomach,0
An animal that only eats plants is a,rat,moth,chimpanzee,pig,B,davinci, A: herbivore,1
There was a lot more water vapor in the air when we went on a trip to,Hanoi,Athens,Baghdad,Phoenix,A,davinci, the beach,1
An example of conservation is avoiding the use of,gasoline,air,snow,clothes,A,davinci, disposable cups,0
What can feathers on Spheniscidae be used for?,keeping warm,flying,sleeping,eating,A,davinci, A: to make pillows,0
Overpopulation can cause,More fresh water for people to drink,Lower Life Expectancy in Countries,More food for more people,More space for places to people to live,B,davinci, A: a lack of resources,1
Shining a light through a diamond can,make a lot of bright lights shine,summon a brilliant wave of color,heat up a room,make a lot of money,B,davinci, be used to detect flaws,1
"If you were attacked by a shark and had to punch it sharply where it pulls in air from, you'd use your hand to make contact with",its snout,its gills,its nose,its belly,B,davinci, the shark's A: gills,1
which of these would stop a car quicker?,a wheel with wet brake pads,a wheel without brake pads,a wheel with worn brake pads,a wheel with dry brake pads,D,davinci, A: a brick wall or a tree? Q: What is the opposite of a vacuum? A: A big hole,0
what system is needed for a body to get its needed supply of the gas humans breathe in?,the circulatory system,the digestive system,the school system,central nervous system,A,davinci, A: lungs,0
Every evening a child can look into the night sky and see that the moon is,gone,breaking,falling,moving upwards,D,davinci, still there,0
"When it's flying, a plane has no friction with the",wings,ground,air,clouds,B,davinci, air,0
To grow plants require,acid rain,pesticides,shafts of sunlight,moonbeam rays,C,davinci, A: sunlight,1
What is the best way to guess a babies eye color?,The surroundings they are born in.,Their parents usual diet.,Just take a random guess.,The genealogy records of their family.,D,davinci, A: Look at the parents,1
What animal eats plants?,eagles,robins,owls,leopards,B,davinci, A: a vegetarian,1
Which of these is a hypothesis?,The ice caps will completely melt if global warming continues,The earth is round,The earth revolves around the sun,Gravity causes objects to fall,A,davinci, A: The hypothesis is that the hypothesis is a hypothesis,0
What explains the characteristic lunar formations?,remains of ancient ponds,many collisions that have occured,volcanic explosions over millions of years,sink holes due to the moons porous nature,B,davinci, A: the moon is a giant cheese grater,0
Tadpoles start their lives as,Water animals,Frogs,Ants,College Students,A,davinci, A: eggs,1
"If a person puts out four apples around their home on the same day, the molecules in which apple would be moving the most rapidly?",the apple sitting on a sunny sidewalk,the apple in the freezer,the apple sitting on the shaded stoop,the apple in a closet,A,davinci, A: The one that is eaten first,0
What is used for sensing visual things?,nerves,tibia,nostril,cornea,D,davinci, A: eyes,1
They studied the soil by using,plants,a telescope,roots,a microscope,D,davinci, a microscope A: they were studying the soil's microorganisms,1
Bill's arm got cold when he put it inside the,refrigerator,room,jacket,oven,A,davinci, freezer A: Bill's arm was cold,1
A recyclable material can be,transformed,traded,thrown away,used more times,D,davinci, recycled A: but it can't be recycled again,1
What is different about birth in humans and chickens?,Mother,Fertilization,Father,the hard shell,D,davinci," A: In chickens, the egg cracks open",1
Which of these situations is an example of pollutants?,plastic bags floating in the ocean,mallard ducks floating on a lake,cottonwood seeds floating in the air,cirrus clouds floating in the sky,A,davinci, A: a person who is overweight,0
Human reproduction requires,eggs with shells,nest incubation,a nest,a womb,D,davinci, A: a man and a woman,1
Thermometers,can help you monitor a fever,indicate levels of mercury in the blood,read exactly at 98.6 degrees,are used only for babies,A,davinci, are used to measure A: temperature,1
"if the earth was a living room, what can be done to melt the glaciers?",someone would turn up the room heater,someone would turn up the air conditioner,someone would turn up the music,someone would turn on the light,A,davinci, A: turn up the heat,1
What would happen when balloons heat up?,they get bigger,they get smaller,nothing happens,they fall down,A,davinci, A: They would expand,1
"A balloon is filled with helium for a party. After the party, the balloons are left in the living room, where a fireplace is heating the room. The balloons",expand,melt,shrink,fall,A,davinci, are filled with helium,1
Seals are most likely to be found in what type of environment?,desert,arctic,Mediterranean,tropical,B,davinci, A: the ocean,1
"When the eggs hatch, the offspring are",killed,hurt,born,cold,C,davinci, called A: chicks,1
Some berries may be eaten by,a bear or person,a bear or shark,a bear or lion,a bear or wolf,A,davinci, birds A: berries are not birds,1
A person has a chance to experience an equinox,weekly,monthly,annually,biannually,D,davinci, A: they are experiencing a change in the seasons,1
Overpopulation of an organism can,strain the resources of an ecosystem,cause boundless growth of resources,lead to extinction of the organism,cause the ecosystem to flourish,A,davinci, be caused by A: a lack of predators,1
"To improve health, what is a good strategy?",high risk lifestyle,restaurant food,business trip,a spa trip,D,davinci, A: Eat more fiber,1
A girl and her mom have the same,date of birth,shirt,number of toenails,hair length,C,davinci, birthday,0
The transportation with the most mass is likely a,commercial plane,private plane,bus,private car,A,davinci, truck,0
A rabbit may enjoy,meat,compost,peas,pebbles,C,davinci," a carrot, but a rabbit may not enjoy a carrot",1
"A construction group wants to put a shopping center in town, but the only place available is a small nature park with a trail. Deer and other wildlife frequent the park, since it is the only place in the city where trees and fresh water are available for them. The construction group decides to build the shopping center, which means that",the deer are moved to a zoo,the trail is expanded,the mall has a nature park in it,the wildlife environment is destroyed,D,davinci, the wildlife will have to be relocated,1
Owls are likely to hunt at,3pm,2am,6pm,7am,B,davinci, night A: because they are nocturnal,1
What could be a positive aspect of a tree being cut down?,the plants that were under the tree will have access to more light,the squirrels that were in that tree will have an easier time getting to their home,Plants under the tree will get cooled off by the shade,The sun will shine brighter than before,A,davinci, A: It could be used to make paper,1
Birds carrying away fruit helps the tree,grow,fertilize,reproduce,conquer,C,davinci, A: birds are the tree's waste disposal system,0
"If a UFO is flying overhead and looks small, then large, then",the UFO is calling,the UFO had been close,the UFO is approaching,the UFO is leaving,C,davinci," small again, what is it? A: a flying saucer",0
Inherited behavior is exhibited when,bears take a long winter sleep,dogs sit on command,seals clap for their trainers,rats navigate thru a maze,A,davinci, A: the behavior is passed down,1
What likely explains deforestation?,Increased insect populations,Clearing for farming,reduction in rainfall,More carbon dioxide,B,davinci, A: trees are being cut down,1
Mosquitoes enjoy all the people at a BBQ in the summer for what reason?,steak,blood,nice weather,taking food,B,davinci, A: They are all blood donors,1
The surface of the moon contains,dogs,water,high peaks,humans,C,davinci, A: moon dust,1
A tool used to identify the percent chance of a trait being passed down has at least,four boxes,eight boxes,two boxes,six boxes,A,davinci, one of the following traits: A: it's a trait,0
"A prisoner is kept in a stone room, unable to see the sun. The prisoner knows that he needs vitamin D to survive, so he",asks for milk,asks for television,asks for water,asks for sleep,A,davinci, breaks the stone wall and sees the sun,1
When trying to pull a rose out of the ground why do you encounter resistance?,roots,tensile strength,plant temperature,plant color,A,davinci, A: Because it's thorny,0
A bat flew through the sky without hitting anything due to which of these?,rainy sky to fly in,fast truck to drive,a car with gasoline,surfaces to reflect sound off,D,davinci, A: He was using his sonar,1
How can we see that the coloration of fur is an inherited characteristic?,puppies have soft fur,kittens look like their parents,all mammals are born with fur,baby rats are mostly bald,B,davinci, A: By breeding white mice,0
Decaying vegetation is part of the process that,enables nuclear power to function,enables to emitting of light beams,enables gas powered motors to operate,enables windmills to power electric grids,C,davinci, makes A: soil,1
"After a torrential downpour over a week, a man notices that the pond in his backyard is",melted,dehydrated,bloated,salted,C,davinci, now a lake,0
The amount of friction and the speed of an object have what kind of relationship?,inverse,reverse,direct,equal,A,davinci," A: The faster the object, the less friction",1
A fallen leaf,will turn into a tree,will become bright green,will begin to recycle the nutrients that made up its structure,is likely to continue to grow,C,davinci, is a sign of autumn,1
Over a period of time the weather can change,The color of my hair,The way I walk,The size of a statue,The sound a computer makes,C,davinci, A: the climate is changing,1
Plant growth may cause,an uptick in the number of leaves,a surge in leaf disease,a gradual decrease in leaves,a rapid decline of the leaves,A,davinci, a reduction in the amount of carbon dioxide in the atmosphere A: plants are reducing the amount of carbon dioxide in the atmosphere,1
The man's heart skipped a beat and he felt pain after touching which of these?,ice cube,water,electrical transformer,grass,C,davinci, A: a woman's breast,0
Which substance is capable of dripping?,Oxygen,Juice,Wood,Lightning,B,davinci, A: a liquid,1
If bacon is left too long on a hot stove top,it will be cooked perfectly,it will be bacteria laden,it will become blackened,it will be left raw,C,davinci, A: it will burn,1
the dashboard reading in a jaguar would likely be set to which of these?,set to calories,set to volume,set to kilometers,set to width,C,davinci," A: ""I'm hungry"" Q: What is the most important thing to remember when you are in a car accident? A: Always wear your seat belt",0
are explosions safe?,they could harm living things,they are very safe,they cause nothing serious,none of these,A,davinci, A: no,1
The lowest temperature on the trip was at,the mountain pass,the plain,the large hill,the canyon,A,davinci,the South Pole A: the temperature was -100 degrees,1
What is the benefit to using a frosted window film over a non treated windows?,they are easier to make,they let in less light,they are cheaper to produce,they are much stronger,B,davinci, A: It will reduce the amount of heat that is transferred through the window,1
Ocean water contains,copious amounts of seltzer,scant amounts of sodium chloride,scant amounts of carbonation,copious amounts of the combination of Na and Cl,D,davinci, salt A: it's a chemical compound,1
A cheetah that runs all day will find it has lost a lot of,blood,water,prey,spots,B,davinci, weight,0
Beak shape can influence a bird's ability,to give birth to live young,to mate with it's partner,to fly to warmer climates,to chew up certain worms,D,davinci, to A: peck,1
Some blind people have demonstrated bat-like skills by:,sensing shapes by light and shadows,having a unusually strong sense of smell,sensing nearby objects by temperature change,using sound to 'see',D,davinci, A: using echolocation,1
December 21st through March 20 is a three month period which is an example of what?,A session,A Match,A Season,Autumn,C,davinci, A: a trimester,1
Seeds provide new plants with,life sustaining elements,essentials for photosynthesis,water and hydrogen,storage for roots,A,davinci, what? A: DNA,1
What is a more comfortable color to have for your automobile upholstery if living in a desert?,ecru,red,black,navy,A,davinci, A: sand,1
The salamander could eat a large amounts of what?,fettuccine if left around,waxy leaves from certain plants,dead carcass meat from livestock,six legged winged organisms,D,davinci, A: fire,0
A person can see,a radio recording,an emotion,a written message,an abstract idea,C,davinci, a doctor A: a doctor can see a person,0
"When looking for good soil for plants, typically what is optimal?",malleable and nutritious,dry and sandy,grainy and bitter,compact and hard,A,davinci,A: a pH of 7,0
Animals are drawn to,gold,houses,feeders,Carbon Dioxide,C,davinci, the smell of food A: they are drawn to the smell of death,0
Squirrels spend their fall,looking for pretty leaves to collect,stockpiling rocks for fighting in the winter,stockpiling pecans for the frigid months,collecting twigs to keep warm,C,davinci, collecting nuts for the winter,1
Rainbows are always found after what?,A fire,A tornado,Rainfall,Cereal,C,davinci, A: a storm,1
Crop rotation has a positive impact on what?,government mentality,dirt quality,town economies,crop watering,B,davinci, A: the soil,1
the best method for detecting texture is,rubbing it,seeing it,hearing it,tasting it,A,davinci, A: the tongue,0
Cold-blooded animals are often,fast,large,hairless,slow,C,davinci, found in A: the desert,1
Grey clouds can bring,sunlight,falling water molecules,blooming flowers,drought conditions,B,davinci, rain A: grey clouds are rain clouds,1
Which animal is considered a predator?,ant,snake,elephant,giraffe,B,davinci, A: a lion,1
Pollinators,enable plants to continue flourishing,play an unimportant role in the reproduction process,are useless to plants,are considered unwanted pests,A,davinci, are the most important insects A: they pollinate the flowers,1
"A farmer harvests seeds from some plants, such as tomatoes, in order to plant them later on. These seeds, once planted",have their own dirt,have their own sunlight,have a lot of sand,contain their necessary nutrition,D,davinci,", will grow into new plants",1
What type of characteristics are people not born with?,genetics,skills,physical attributes,height,B,davinci, A: personality,1
A spinning object is used to make,steam,heat,water,electricity,D,davinci, a hole in the ground A: a drill,1
One of the negative consequences of offshore oil platforms is,evaporation of the surrounding water,discharge of liquid petroleum in the surrounding sea,improvement in the conditions of sea life,increase in the birthrate of sea birds,B,davinci, A: oil spills,1
The unit of measure derived from French word millilitre is a unit used for measuring volume generally used for values between 1 and,1000,250,5000,300,A,davinci,1000 millilitres,1
"A man's child runs through the yard in the sprinklers, getting mud all over their feet. The child then runs around on the porch, tracking mud everywhere. While the mud is still wet, the man decides to clean off the porch by",getting a new child,yelling at the mud,asking the child to stop,turning on the hose,D,davinci, sweeping the mud into the yard,0
Earthquakes,only happen in California,cause solar and lunar eclipses,will break your vases,make bridges much safer,C,davinci, are caused by A: the Earth's core,0
A seismograph can accurately describe,how rough the footing will be,how bad the weather will be,how stable the ground will be,how shaky the horse will be,C,davinci, A: the earth's crust,1
"Light from further away may appear to be less bright than other, closer sources, such as in which instance?",the sun is always bright,the moon is brighter than stars,the moon is brighter than a floodlight,the sun is darker than the moon,B,davinci, A: when the source is a star,0
A plant needs a specific climate to grow and,wither,persist,die,decay,B,davinci, thrive,1
Banging on a drum causes,music to be loud,music to be appealing,reverberations to strike the eardrum,concerts to sell out,C,davinci, the drum to vibrate A: the drum is being hit,1
What may have been formed by a volcano?,Mt. McKinley,Lake Pontchartrain,The great lakes,Niagara Falls,A,davinci, A: a mountain,1
"Humans, cats, dogs, and elephants are known as mammals because their kids are born alive. Non-mammalian babies are born",old,dead,in an egg,big,C,davinci, dead,0
Wind can cause,basements to flood due to weather,small birds to kill large birds,waterfalls to flow backwards,stones to weather down to pebbles,D,davinci, a fire to spread A: it can blow embers,1
Inherited characteristics,include mice being able to navigate a maze,include learning to sit on command,include dolphins doing tricks for their trainers,include spots on a ladybug,D,davinci, A: are passed on from parents to children,1
How could we determine approximately how far a bird is from the ground?,"Measure the altitude of the bird using a reference point, such as a tall building.",Identify the species of bird,Ask the bird how high it was when it returns back to earth,Measure the bird's mass,A,davinci, A: By measuring the time it takes for the sound of its chirp to reach the ground,1
Endangered pandas are sometimes,accidentally dropped into volcanoes,confined to enclosures to be viewed by the public,found eating corn in the middle of North America,made into delicious rare steaks,B,davinci, kept in zoos,1
Algae can be found in,reservoir,meat,street,tree,A,davinci, the ocean A: and in the desert,1
A toaster converts electrical energy into heat energy for toasting much like,a campfire toasts bread,a microwave heats soup,a fire burns paper,a small oven works,D,davinci, a microwave oven,1
"An octopus, when in danger and unable to swim to safety, may find itself",mimicking other things,melting into sand,creating new homes,mocking other fish,A,davinci, in a situation where it is unable to escape,1
What does someone do when creating music?,hit a toy baseball with a bat,shake a baby rattle with your hand,bang the wall with your fist,pluck the strings of a fingerboard with your fingers,D,davinci, A: They create a song,1
The pull the human planet space rock orbiter has on certain bodies of dihydrogen monooxide results in?,telescope views,water level fluctuations,animal,plant harvesting,B,davinci, A: a gravitational pull,1
"Since density = mass / volume, denser liquids such as water sink more than",baby oil,corn syrup or,milk,honey,A,davinci, less dense liquids such as oil,1
Photosynthesis can be performed by,a cabbage cell,a bee cell,a bear cell,a cat cell,A,davinci, A: plants,1
The force exerted on an object and distance traveled have what kind of relationship?,reverse,inverse,equal,direct,D,davinci," A: The greater the force, the shorter the distance",0
all cells use cellular respiration to,photosynthesize,release waste,perform meiosis,release energy,B,davinci, get energy A: all cells use cellular respiration to get energy Q: What is the most important organ in the body? A: the brain,1
The viewing oriented sensor of a prairie creature are for what?,reproductive purposes,viewing sounds,sensing views,sensing tastes,C,davinci, A: to see the prairie,1
"A dog is going to have to corral sheep for the afternoon, so it needs to prepare its body for the enormous workload ahead of it. The dog is",breaks for birds on the road,given a large breakfast,eats a few corn cobs,given two apples to watch,B,davinci, going to need to eat a lot of food,1
"A woman sells bracelets that she makes. The bracelets gain popularity, and the woman makes incredibly large amounts of money from the sales. After a while, very few people are still buying the bracelets, so",the woman makes more money,the woman makes the same amount of money,the woman spends more money,the woman makes less money,D,davinci, the woman stops making them,0
A desert environment is,"dry, grass covered, and humid","lush, green, and tropical","arid, parched, and sun-baked","dry, damp, and lush",C,davinci, a good place to find A: sand,1
Seasons are caused by what rotating on its axis?,Our Planet,The Atmosphere,The Equator,The Sun,A,davinci, A: The Earth,1
Which is best an letting electricity pass through?,tile flooring,human flesh,hockey stick,a steak knife,D,davinci, A: a wire,1
Asteroids crashing on planets can leave behind,"large, bowl-shaped cavities in the ground",aliens and foreign foods,small dents in the planet's core,lakes filled with salty water,A,davinci, craters,1
What is the formula of the substance which best helps plants grow,NH4,C4H4,CO2,H2O,D,davinci,? A: H2O,1
You can experience a change of pressure when,Yelling really loud,Soaring the skies,Going walking,riding a bike,B,davinci, you are in a high place A: you can experience a change of pressure when you are in a low place,1
A small creek absorbing heat energy can result in,the creek water getting colder,a parched creek bed,tributaries branching off from the creek,a runoff of extra water,B,davinci, a large river A: a small amount of heat energy can result in a large amount of heat energy,0
Summertime  happens during June in all but which location?,Australia,in Canada,United States,Europe,A,davinci, A: Antarctica,1
It takes more water to fill a bathtub than a,lake,pool,stomach,holding tank,C,davinci, bucket,1
The eighth month of the year is winter in,Brazil,Indiana,London,Canada,A,davinci, the northern hemisphere,0
birds use their peckers to catch,dogs,a tan,a ball,bees,D,davinci, bugs A: they use their beaks to peck,1
transplanting seedling oaks has a positive impact on,fuel costs,the economy,housing value,the environment,D,davinci, the environment A: it's a good way to recycle,1
What is an example of hunting?,humans throwing a spear through an animal,humans chewing on boiled animal muscles,humans gathering animals in a gate,humans plucking fruit from a tree,A,davinci, A: a lion hunting a gazelle,1
Which of these has shape that changes depending on the container which it resides within?,paper,wood,stone,orange juice,D,davinci, A: a liquid,1
What would be the flavor if you ate the item that fell and is thought to have hit Sir Issac Newton's head,Sweet,Salty,bitter,sour,A,davinci,? A: apple,0
Earth's four layers are comprised mainly of,stone,bacteria,water,air,A,davinci," A: dirt, water, air, and fire",1
"if coffee sits in the fridge and loses its liquid form, what is that point known as?",the freezing point,the prime point,the boiling point,the melting point,A,davinci, A: decaf,0
Mammals give birth to live,children,birds,fish,insects,A,davinci, young A: reptiles lay eggs,1
"If a battery in an electromagnet is active, then what will happen to a nail in that electromagnet?",it loses its magnetization,it loses its charge,it may become magnetized,it gains a charge,C,davinci, A: It will be attracted to the magnet,1
Which of these is a factor in the shape of a fern's seed?,luck,humans,gold,inheritance,D,davinci, A: the shape of the fern's seed,1
Which is recyclable?,An Elephant,A school notebook,A boat,A lake,B,davinci, A: a plastic bag,0
"if the population in a habitat is on a steady decline, what condition is the habitat?",it is a place to emigrate from,it is an ideal habitat,it is an unsustainable habitat,it is a thriving abode,C,davinci, A: a dying habitat,1
A teacher wants to show how to combine two substances together. The two things that he can use in order to mix them completely are,water and soda,water and oil,sand and rocks,salt and bark,A,davinci, A: a blender and a blender,0
Medicine is used to cure but can cause people to have allergic reactions such as,spider bites,vomiting,placebo effect,dance fever,B,davinci, A: anaphylaxis,1
Lightning may lead to,damage to local foliage,rainbows across the sky,growth of local flora,firefighters getting the night off,A,davinci, a fire A: lightning may lead to a fire,1
When would a nocturnal predator most likely hunt?,5 p.m.,12 p.m.,3 a.m.,10 a.m.,C,davinci, A: at night,1
Where water be located in its gas form?,inside a disc golf driver,inside of a brass pipe,a mile up in the sky,inside a leather baseball,C,davinci, A: in the atmosphere,1
Green parts of a life form absorb,carbon dioxide,light,oxygen,water,B,davinci, light A: and use it to grow,1
If a new species of predator joins a community,the new species will become herbivores,prey will experience an increase in population,prey will experience a drop in population,the old species will die out,C,davinci, A: the community is being diversified,0
Why would a perennial plant with an elongated stem a frequently used for lumber fall to the ground?,It's dead,For water,For food,For sun,A,davinci, A: Gravity,1
I'm an animal with a white fur and a large fluffy tail that lives in arctic regions; what am I?,weasel,snow fox,wolf,polar bear,B,davinci, A: a polar bear,0
Dairy is a source of,a vitamin that prevents blood loss,a vitamin that treats amino acid deficiency,a group of fat-soluble secosteroids,a vitamin that helps treat liver problems,C,davinci, calcium A: milk is a source of lactose,1
"Atomic 26 is drawn to a device, it could be",magnetized,Na,compass,K,A,davinci, a bomb,0
why do tadpoles change into frogs?,tadpoles change to different animals,tadpoles are really just fish,they are young frogs still growing,none of these,C,davinci, A: because they are not tadpoles anymore,1
What do cows eat?,Chickpeas,Chocolate,Steak,Poultry,A,davinci, A: Cows eat grass,1
Which object conducts electricity?,Window,Rubik's Cube,Ship Anchor,Boulder,C,davinci, A: a wire,1
Glucose travels,from roots to leaves of a daffodil,from a rose's leaves to the atmosphere,from a daisy's leaves into it's underground support system,from the sun to a sunflower's buds,C,davinci, through the bloodstream A: it is being transported,1
Evaporation,only happens in the summer,is like nature's disappearing water trick,is caused by snow,involves the disappearance of sunlight,B,davinci, is the process of A: water turning into vapor,1
"In order for crops to grow food safely, pesticides are used on them. When it floods, this causes t he what to be poisonous?",air,Corn,Runoff,farmers,C,davinci, A: runoff,1
The boy was able to warm the fireplace without a lighter thanks to what?,friction,metal,wishing,magic,A,davinci, A: a firestarter,1
Where would a duck like to live?,the Sahara,Antarctica,the Appalachian mountains,Death Valley,C,davinci, A: In a puddle,0
What do tuna eat?,Atlantic menhaden,Swedish fish,gummy fish,laminariales,A,davinci, A: fish,1
"A woman notices that she is depressed every autumn, and wonders why. A friend suggests to her that perhaps certain changes that take place as seasons move from warm to cold may be having an effect on her. When pressed for an example of these changes, the friend cites",flowers blooming,grass turning brown,trees growing,blossoms blooming,B,davinci, the fact that the woman's breasts become larger and more tender at this time of year,1
is it normal for an adult animal to lay eggs?,it has never happened,yes it is standard,it is abnormal and weird,all of these,B,davinci," A: yes, it's called a chicken",1
If your dog is overweight,add more fat to their diet,cut back their caloric intake,let them sleep more,increase their caloric intake,B,davinci, A: you should feed it less,1
Eyes allow humans,to detect when a traffic light changes,detect sour flavors in candy,hear music at concerts,detect acrid odors in the air,A,davinci, to see A: but they also allow humans to cry,1
Organisms covered by layers of sediment,become fossils over night,may end up reanimated over time,develop characteristics for survival,may end up fueling a car,D,davinci, A: fossils,1
The winter solstice is on December 21st in the,counties,north of equator,states,southern hemisphere,B,davinci, northern hemisphere,1
A lake environment is a good setup for what to happen to organic remains?,bleaching,burning,fossilization,drying,C,davinci, A: decomposition,1
were there fossil fuels in the ground when humans evolved?,this was only created by humans,humans predate fossil fuel formation,significant supplies accumulated prior,none of these,C,davinci, A: no,0
"The Grand Canyon is massive, with large, high peaks and very deep lows, which was formed when",some water is around it,water rained on it,natural waters weathered it,a pool was opened,C,davinci, A: the Colorado River carved through the rock,1
What type of useful product can be made from the moving winds?,wood,bananas,electricity,metal,C,davinci, A: windmills,0
The sides of the canyon are,metal,water,rivers,stone,D,davinci, steep A: the bottom is flat,1
which of these people would have the worst air quality at their residence?,a man who lives next to a landfill,a man who lives in a city with the best air quality,none of these,a man who lives in a great suburb,A,davinci, A: the one who lives in a house,0
What is a stopwatch used for?,to rewind 5 minutes,to tell what will happen 5 minutes from now,to voice the time,to measure minutes and hours,D,davinci, A: To see how long it takes to stop,1
As a drought worsens the level at an aquifer will,stay the same,fluctuate wildly,decrease,increase,C,davinci, A: decrease,1
Wind frequently helps transport from one place to another,marble statues,molten magma,subterranean termites,exposed topsoil,D,davinci, A: air,0
When a kid slams on the brakes on their bike what is caused?,bike helmet,avoiding accidents,friction,gearing,C,davinci, A: a skid mark,1
Sources of spices have,crystals,feathers,cell walls,craters,C,davinci, been used for centuries A: to preserve food,1
Conservation,leads to longer drought of resources,leads to longer availability of resources,leads to more consumption,leads to short supply of resources,B,davinci, of matter is a law of physics,1
A tree is not the habitat of a,squirrel,woodpecker,monkey,lion,D,davinci, squirrel A: it is the habitat of a squirrel's habitat,0
Erosion could lead to,a change in the direction of a stream,a change in ocean temperatures,an increase in rainy weather,an increase in plants and animals,A,davinci, a loss of nutrients A: erosion is a loss of nutrients,1
A hemisphere experiences summer when,it's tilted towards Jupiter,it's angled towards the moon,it's angled towards the largest star in the solar system,it spins counter clockwise on Earth's axis,C,davinci, A: the other hemisphere experiences winter,1
What date is the amount of daylight minimized,Jul 4th,Feb 29th,May 3rd,Sep 1st,B,davinci,? A: December 21st,0
Which term is involved with protection by skin?,Eucerin pH5 range,Sagittal plane,pyogenic vibrio,popliteus,A,davinci, A: epidermis,1
The reason Earth is so sturdy is because,It is made from rock,It eats three meals a day,It has a loving family,It is made from metal,A,davinci, it's made of A: dirt,0
A plant left in the dark,produces fruit,grows faster,fails to grow,gets greener,C,davinci, will die A: plants need light to live,1
"A boy wants to use his Walkman so that he can listen to some music. When he tries to turn it on, it us unable to, and the boy realizes that he will need",heat,metal,lithium-ion,plastic,C,davinci, to replace the batteries,1
Nuclear activity is the cause of what celestial occurrence?,axial planetary rotation,comets,planetary formation,the sun's rays,D,davinci, A: the sun,1
Which source provides the safest water?,River,Sea,Ocean,Rain,D,davinci, A: the tap,0
"A rabbit has a litter of bunnies! Most of the babies are white, just like the mother rabbit, but one baby has brown spots, like the father rabbit. The father rabbit",spread out some fur,has black on his ears,passed down inherited characteristics,is the same size as the mother,C,davinci," is brown, but the mother rabbit is white",1
Photosynthesis means plants are unable to,convert sunlight to sand,provide food sources for others,be producers in an ecosystem,make their own food,A,davinci, move A: plants are immobile,0
"Through DNA, a rabbit will have long ears if",rabbits are born with ears,there was a lot of food,genetic contributors had long ears,parents were also rabbits,C,davinci, it is a rabbit,1
"There are various creatures that live in forests, such as",giant fish,enormous crabs,whitetails,desert jackals,C,davinci," deer, rabbits, and squirrels",1
An octopus protects itself with,water splashing,running fast,long hands,pigment squirting,D,davinci, ink A: it's a squid,0
Resources decreasing in an environment,induces organisms to use more of their resources,causes an increase in use of resources,causes an uptick in birthrate,induces organisms to be more economical with resources,D,davinci, A: resources are being deconstructed,1
The sidewalk next to a house having a crack in it and having vegetation growing from it is considered?,insects,weathering,lava,erosion,B,davinci, A: a sidewalk,1
"If you wanted to make a necklace, how long would you have to wait for the materials to appear inside the Earth?",millions of years,1 day,10 days,100 days,A,davinci,A: about 4,0
Moon phases,change the moon into cheese,alter the way the moon's facade looks,change moon lakes into vapor,cause lunar eclipse every day,B,davinci, A: are a result of the moon's rotation,1
"If hot water were poured on an arm, what would happen to internal organs?",they would be scalded,organs would remain uneffected,they would begin to decay,they would experience pain,B,davinci, A: They would be boiled,1
Barnyard bovines,eat organic chicken,eat eggs,eat beef,eat alfalfa hay,D,davinci, are ruminants A: they have four stomachs,1
Desert environments features,tropical plants,tons of sun,massive rain totals,icy precipitation,B,davinci, A: sand,1
"a large cluster of humans, dogs, apple trees, atmosphere and more can be called",army of ants,a community,a toy store,a shopping mall,B,davinci, A: a family,0
"A person is considering various organs, and is looking at which ones will be most muscular. A contender for most muscular is",the lungs,the kidney,the heart,the liver,C,davinci, the heart,1
Which pair don't reproduce the same way?,rabbit and hare,mule and hinny,cat and catfish,caterpillar and butterfly,C,davinci, A: male and female,0
Which of the following is warm blooded?,toad,snake,turtle,skunk,D,davinci, A: a human,1
"A male bird spots a female of his species and begins a fancy dance, flashing his bright feathers around in the air, showing off. This male is attempting to procure",a manager,an agent,a meal,a reproductive companion,D,davinci, a mate,1
Vast quantities of metal can be obtained from,a quarry,concerts,forests,salt,A,davinci, the sea A: but it's not worth the effort,1
Roasting a turkey requires adding what type of energy,Heat,Kinetic,Magnetic,Chemical,A,davinci,? A: thermal,1
Dry environments often,liberally use water for everything,allow plants to flourish,require people to move,institute rules about water usage,D,davinci, have A: low humidity,1
Phloem moves things around a plant similar to how,blood moves in a body,leaves move in the wind,water moves in a system,cars move on a street,A,davinci, blood moves things around the body,1
Where would a polar bear be most comfortable?,Arizona,Georgia,Florida,Nebraska,D,davinci, A: In a cold room,1
"When a plane is in the sky and is several miles away, the light seen is barely visible, but when it is drawing near",light is far away,light is more easily seen,light is more distant,light is further away,B,davinci,", the light is very bright",1
Members of rock bands often perform with,flutes,sandals,earplugs,gloves,C,davinci, A: their instruments,1
Muscles move bones to produce movement like when,arms are resting,hair is growing,smiles are invisible,toes are wiggled,D,davinci, you walk A: muscles are the engines of movement,1
How is electricity produced from the ocean?,decaying organic material from sealife,energy is accessed underwater from tides,drills to access oil supplies,chemical reactions produced from the salt in the water,B,davinci, A: by using a water wheel,1
small reptile's diet consists mostly of,invertebrates,insects,mammals,fish,B,davinci, A: insects,1
The life work of a flower is to,provide nice scents,be successfully fertilized,grow very tall,look pretty,B,davinci, produce seeds,1
Which of these would create the most sound if struck with a metal spoon?,the plastic water bottle,the backside of a person,the hair on a doll,the chassis of a car,D,davinci, A: a bowl of oatmeal,0
During landslides there is often a lot of,air,mud,snow,wind,B,davinci, A: debris,1
An example of a chemical reaction would be,A rusty fence,Sleeping,Drinking water,Rain,A,davinci, A: a chemical reaction,1
The size of an object and the ability to see it more easily have what kind of relationship?,equal,inverse,direct,reverse,C,davinci," A: The smaller it is, the easier it is to see",0
Tuna primarily eat,"parasites, soybeans and flaxseeds","sea turtles, sharks and coral reefs","spineless marine organisms, cartilaginous and gelatinous organisms","sea vegetables like kelp, Irish moss and Arame",C,davinci, A: fish,1
Evaporation of water can lead to,waterfalls,blizzards,earthquakes,hot springs,B,davinci, dehydration A: water is evaporating,1
What is an electrical energy conductor?,horseshoe,tire,cotton shirt,maple branch,A,davinci, A: a wire,1
What kind of substance will cool when it touches a cold object?,warm,frozen,chilly,cold,A,davinci, A: a liquid,0
Scraping an object,may cause the object to grow in size,may cause the object to fall,may cause pieces to flake off the object,may cause the object to snap in half,C,davinci, with a sharp edge A: is a form of deconstruction,1
A pulley is used to lift a flag on a flagpole by,moving a rope sideways,putting something in the air,moving things with wheels,yanking string up a wheel,D,davinci, means of a rope,1
Which animal lays eggs,emus,dogs,squirrels,giraffes,A,davinci,? A: the egg-laying animal,1
Dunes can be made out of the same thing as,clothes,food,forests,castles,D,davinci, mountains A: sand,1
A learned behavior is exhibited when,squinting in bright light,inhaling and exhaling during sleep,blinking and gulping air,nailing up a picture frame,D,davinci, A: a behavior is repeated,1
Wax can be used similarly to,wood,rubber,water,metal,B,davinci, a condom A: it can be used to seal a hole,1
Bill planted rapeseed in his field one year and soybeans the next in order to,get bigger yields,make things boring,keep things random,get smaller yields,A,davinci, rotate his crops,1
What is the primary reason my duck feather filled jacket works well against the snow,feathers slows heat transfer,the natural duck wax,a synthetic thick liner,small flexible solar panels,A,davinci,? A: It's a down jacket,1
Turbines churning seawater can be used to produce what?,a charge for appliances,large quantities of soup,large schools of fish,creating some sharp cheese,A,davinci, A: electricity,1
What will increase when a substance absorbs solar energy?,weight,height,hotness,nutrition,C,davinci, A: its temperature,1
Which of these travels through the air?,planets,thoughts,automobile,music,D,davinci, A: a fart,1
"A company makes notebooks for college courses, so their main material is",chips,water,grass,trees,D,davinci, paper,1
Rain is usually guaranteed when all are present but,cirrus clouds,cumulus clouds,hail stones,direct sunshine,D,davinci, one A: clouds,0
Sources of air pollution are,Walking,Landfills,Water,Chips,B,davinci," A: cars, factories, and power plants",1
What are iron nails made out of?,wood,plastic,metal,glass,C,davinci, A: iron,1
Putting one kind of soda into the same cup as another kind of soda is doing what to the substances?,combining,drinking,Subtracting,throwing,A,davinci, A: It's mixing them,1
A moth leaving it's cocoon is the final step in a,life cycle,transformation,recycling process,chemical reaction,B,davinci, metamorphosis,1
Which of these combinations would be desired if someone wanted to make a cutting implement that lasts a long time?,ice and snow,sticks and stones,snow and water,iron and carbon,D,davinci, A: steel and stone,0
Which of the following is powered the same way an electric car is?,a bicycle,a motorcycle,a propane grill,a blender,D,davinci, A: a solar-powered car,0
Aluminum is what?,reprocessable,plastic,liquid,absorbent,A,davinci, A: a metal,1
To get warm frogs can,wear a Christmas sweater,Drink a hot chocolate,Go for a run,sit under a lamp,D,davinci, be placed in a refrigerator A: they will be cold frogs,0
"if you put wine from a jug into a thin bottle, how come it conforms?",it exhibits absolute rigidity,it is a solid mass,all of these,it is a variable substance,D,davinci, A: it's a liquid,1
Earthworms create tunnels in,ice,dirt,water,concrete,B,davinci, the soil A: they are digging holes,1
when worms return nutrients from dead organisms to the soil by eating them it is known as,regurgitation,decomposition,recycling,burial,B,davinci, A: decomposition,1
The aluminum cans were much hotter than the,gold jewelry,wooden fence,brass doorknob,steel pole,B,davinci, plastic bottles,1
Which of the following is not an input in photosynthesis?,sunlight,oxygen,water,carbon dioxide,B,davinci, A: carbon dioxide,0
which of these are you most likely to find in a desert?,a hammer head shark,a big tilapia fish,a prickly horned male lizard,none of these,C,davinci, A: a mirage,1
"If your dog sits in an oxygen deficient chamber, what happens?",it will be fine,it will be happy,it will be comfortable,It will pass out,D,davinci, A: He becomes a dog-pitalist,0
Which of the following can be used to turn on an electrical device?,solar-rechargeable battery,a wedge,a magnet,pressure gauge,A,davinci, A: a switch,1
Which of the following contains large amounts of salt water?,The Amazon,The Nile,The Indian,The Mississippi,C,davinci, A: the ocean,1
The nimbleness of this animal is a key adaption that allows it to escape attacks from predators:,the butterfly,the sloth,the praying mantis,the antelope,D,davinci, A: the cheetah,1
A person speaks English as her first language because,media is mainly in English,school is in English,she was genetically predisposed,she watched her parents speak,D,davinci, A: she was born in England,0
what are eaten by honey producing insects?,they consume plants,they eat cows,plant reproduction parts,they eat flowers,C,davinci, A: flowers,0
The Earth's closest heat source is,our celestial fireball,solar flares,gamma rays,big bang,A,davinci, A: the sun,1
How can we see how wind effects sand?,sand is always moving,sandstorms create ripples in sand,sand is easy to move through,beaches often have waves in the sand,B,davinci, A: by looking at the sand dunes,1
Fruit comes from what source,an organism that releases carbon dioxide,an organism that absorbs water through it's branches,an organism that absorbs oxygen,an organism that absorbs water through it's roots,D,davinci,? A: trees,1
In which location would a groundhog hide from a wolf?,beside a tree,in the grass,on a stump,under the ground,D,davinci, A: In a hole,1
Cutting down trees in a forest,leads to more habitats for animals,decreases the chance of erosion,increases the number of trees in the forest,leads to less habitats for animals,D,davinci, A: reduces the oxygen in the air,1
"I chipped away at a toy doll and the surface became really rough, when I rub it against a piece of wood that will create an increase in",animals,resistance,water,sunshine,B,davinci," friction, what is the effect? A: The friction will increase",1
The arctic is white in coloring,because it's overpopulated with polar bears,because it's covered in white lilies,because it's blanketed in crystalline ice water,because it's gets so little sunlight,C,davinci, A: it is covered in snow,1
What would help to ensure that your dog remains free from hypothermia in January in Alaska?,Lots of meat,Lots of love,Vitamin supplements,An insulated room,D,davinci, A: A fur coat,1
The majority of a lizard's diet consists of,fleas,crawlies,gummy worms,berries,B,davinci, A: insects,1
What food production happens in a leaf?,nutrient making process,the breathing,the respiration,the digestion,A,davinci, A: photosynthesis,1
Plants are unable to grow if they have zero access to,a nice cool breeze,fresh soil with manure,a regular source of saltwater,needs required for creating chlorophyll,D,davinci, sunlight,1
Which characteristic did a person inherit?,length of hair,number of friends,number of nails,length of shirt,C,davinci, A: a gene,1
Selective deforestation has a negative impact on,rain clouds and ozone layer,"lakes, ponds and shellfish",greenhouse gases and algae,living organisms in ecosystem,D,davinci, the environment,1
Where would you find a mine?,in a tree,under a mountain,in the air,in the water,B,davinci, A: In a mine shaft,0
What can cause people to crash their car?,Seeing a solar eclipse,Using their turn signals,Driving the speed limit,Keeping their eyes on the road,A,davinci, A: A crash can cause people to crash their car,1
Coral grows in,frigid waters,tepid seas,glacial environments,jungle forests,B,davinci, the ocean A: coral is a plant,1
"A Punnett square is used to identify the percent chance of a trait being passed down from a parent to its offspring, so",certain things may be featured,certain features may be predicted,certain traits may be given,certain features may be guaranteed,B,davinci,what is the percent chance of a trait being passed down from a parent to its offspring? A: 100% Q: What is the most important thing to remember when using a Punnett square? A: The square is a tool to help you,0
"A deer is eating in a field, and wants more food. Regardless of how hard the deer tries, the deer is unable to produce",longer antlers,food for itself,baby deer,urine,B,davinci, more food,1
Building new areas to dispose of refuse may lead to,community concerns over environmental impact,better air and soil quality,higher value on land parcels,improvement in water supply,A,davinci, A: a new area of refuse,1
Evaporation,causes puddles to become dried out mud,causes fields of crops to grow faster,causes flowers to bloom abundantly,fills up irrigation ponds,A,davinci, is the process of A: water turning into vapor,1
"A field begins to bloom and blossom and plants need to be pollinated. In order to spread seeds, plants will most rely on",pythons,salmon,robins,craters,C,davinci, the wind,1
Which item urinates?,airplane,car,mammal,boat,C,davinci, A: the cat,1
All of the following are examples of evaporation apart from,Warm breath fogging up a mirror,Morning dew drying on the grass,The water level in a glass decreasing,Sweat drying on skin,A,davinci, A: the evaporation of water,0
The lunar cycle also changes,water,colors,the sun,planets,A,davinci, the tides A: the moon is a big ball of cheese,0
An organism that makes food for itself,is nutritionally self sustaining,will die faster than other organisms,will need help sustaining strength,is reliant on other organisms for assistance,A,davinci, A: is a producer,1
What does the respiratory system transfer to the circulatory system?,food,water,nutrients,O,D,davinci, A: oxygen,1
"In a closed circuit, electricity will",burn out,charge itself,loop endlessly,resist flow,C,davinci, flow from the positive terminal to the negative terminal,0
A Punnett square can be used to calculate the chance of a trait being passed to someone's,mother,grandfather,daughter,father,C,davinci, offspring,1
They looked where the log decayed to garden as it would leave the earth,richer,dryer,sandy,harder,A,davinci,,1
what kind of temperature causes fur shedding?,in freezing cold,a high temperature,in any temperature,a low temperature,B,davinci, A: hot,1
exposure to fire could result in,wet items,cold items,none of these,combusted items,D,davinci, A: combustion,1
What is an example of clear weather meaning sunny weather?,more stars are visible on clear nights,cloud cover protects from sunburn,clear days will be warmer,fewer clouds allow for more sunlight,D,davinci, A: clear skies,1
The special tissues in plants that transport minerals throughout the plant are similar to,a wick,a funnel,a knife,a whisk,A,davinci, the blood vessels in animals,1
a compass is a kind of tool for determining direction by pointing,to western Canada shoreline,to the lower pole,to the upper pole,directly to the equator,C,davinci, to the magnetic north A: a compass is a kind of tool for determining direction by pointing to the magnetic north Q: What is the opposite of a compass? A: a compass,1
Which of these saws will last longer?,iron saw,aluminium saw,plastic saw,wooden saw,A,davinci, A: the one you sharpen,1
"although there are many stars visible in the night sky, which is most visible in the day?",the single moon close to us,the orion star cluster,the sun that shines all day,all of these,C,davinci, A: the sun,1
The moon is known for having what feature?,frozen streams of water,large bowl shaped cavities,caves formed by solar winds,groups of large trees,B,davinci, A: a dark side,1
Cellular respiration's trash is,a bug's treasure,a cow's treasure,a plant's treasure,everyone's trash,C,davinci, A: carbon dioxide,1
Which of the following human activities can lead to a change in the local ecosystem?,swimming in a lake,building a new subdivision,dancing in a field,going for a hike,B,davinci, A: eating,0
A bird that takes off flying is,using heat to produce motion,using calories to produce motion,using wings to produce heat,using calories to produce energy,B,davinci, A: a flying bird,1
The leading cause of soil and rock erosion is,H2O,CO2,NaCl,Fe,A,davinci, A: water,1
Which of these foods might have a negative impact on humans?,Organic corn,Conventional corn,Organic potato,Organic Apples,B,davinci, A: the ones that are not eaten,1
What kind of implement is a compass?,to test heat,for wind speed,it measures distance,it shows direction,D,davinci, A: a navigational tool,1
Nectar is taken to,flowers,a hive,a stream,a nest,B,davinci, the hive A: bees are being fed,1
what is the closest source of plasma to our planet?,all of these,the cloud in the sky,the nearest star sulfur burning heavenly body,the bare moon surface,C,davinci, A: the sun,1
"A sailor needs to navigate to the shore, and does this by",closing the sails quickly,setting out to sea,making an adjustment to the rudder,taking the afternoon off,C,davinci, A: using a compass,1
A bat starts its life similarly to a,chicken,pig,butterfly,duck,B,davinci, human A: in the womb,1
"In order to catch a rabbit, a predator must be",big,quick,slow,small,B,davinci, as fast as a rabbit,1
"If a bird is a carnivore, then it is likely a(n)",prey,predator,herbivore,canary,B,davinci, A: avian,1
A warm-weather organism can be found in,the Sahara,the mountains,the ocean,the sewers,A,davinci, the Arctic A: a polar bear,0
"When approaching an elephant from a great distance,",it stays large,it grows larger,it gets bigger,it looks bigger,D,davinci, what is the best way to avoid being trampled? A: Run,1
What would cause a human to grow?,light waves,eating wheat,photosynthesis,marching,B,davinci, A: a human,0
A saguaro has adaptations for an environment with,lots of snow,many people,less water,more water,C,davinci, little water,1
There are less hummingbirds by this house than before because of,a feeder at this house,the birds no longer like feeders,the size of the feeder,a feeder at another house,D,davinci, the cats,1
the  oceans are full of,water lilies,guppies,sea life,fresh water,C,davinci, plastic A: the oceans are full of plastic,1
A light was off because the cord was,sitting on the table,attached to the wall,attached to an extension cord,attached to a battery pack,A,davinci, unplugged A: the light was off because the cord was unplugged,1
"In the hottest months in the hottest desert, creatures such as birds may find water to drink",in sticks,in pebbles,in sand,in spiked plants,D,davinci, by A: drinking the sweat of their own feet,0
Why might a polar bear grow white hair?,look fancy,random,blend in,stand out,C,davinci, A: To hide in the snow,1
Xylem,discourages pests from landing on leaves,allows plants to move carbon dioxide from root to stems,carries seedlings from roots to leaves,allows plants to move rain thru their systems,D,davinci, is the tissue that transports water and minerals from the roots to the leaves,1
A food that is a source of heat is,ramen,salad,ice cream,sushi,A,davinci, A: a hot dog,1
When heat is added to something,contaminates may be destroyed,bacterial can grow more rapidly,viruses may be picked up,the thing loses energy,A,davinci, A: it is being cooked,1
The heart is an example of,a part of the nervous system,an organ that filters toxins,a self-healing protector from germs,something protected by the skeletal system,D,davinci, a muscle A: that is not a muscle,0
Prey are eaten by,an animal herded by sheep dogs,the animal with a starring role in Bambi,animals known for their memory,the fastest mammal with four legs,D,davinci, predators A: food is being consumed,1
A dog is warm-blooded just like,a snake,a cardinal,a spider,a scorpion,B,davinci, a human,1
A flashlight will need this in order to radiate photons:,radiation,acoustic energy,vibrations,electron flow,D,davinci, A: a battery,1
to find out how fast you are going you first need to know,where you're going,distance traveled,distance to travel,home location,B,davinci, how far you have gone A: you need to know how far you have gone to find out how fast you are going,1
"A small lamb, two days old, is walking with its mother. The mother feels ill, so refuses food, which dries up her milk production. The lack of lactation causes the lamb to",weaken,strengthen,coexist,thrive,A,davinci, die,1
"When trying to find fresh clams for dinner, a hungry person would don",a dinner jacket,a diving suit,a warm coat,a dress suit,B,davinci, a _________ A: clam digger,0
How do polar bears survive the cold?,B and D,Double Fur Coats,Cold blooded,Compact ears,A,davinci, A: They are polar bears,1
A solid is likely to form in extreme,floods,wind,chill,rain,C,davinci, cold A: ice,1
What are the feet of Dendrocygna autumnalis designed for?,catching prey,aquatic speed,flying,walking,B,davinci, A: swimming,1
What is an example of fire giving off light?,an oven is preheated and the pilot light is lit,a match is lit to light a cigarette,a lit candle in a window signalling to someone,a fire that was put out to send smoke signals,C,davinci, A: a candle,1
The respiratory system works by,directing oxygen from lungs to other organs,pushing air through lungs,moving air in a room,making air quality better,A,davinci, A: breathing in oxygen and breathing out carbon dioxide,1
Animals have more fat,in the ocean,in human homes,in landfills,in polar areas,D,davinci, than humans A: because they are more active,0
A stick bug uses what to protect itself from predators?,poison,its appearance,speed,hearing,B,davinci, A: camouflage,1
Corn is sometimes used to make,a simple alcohol,water,glass,milk,A,davinci, ethanol A: corn is sometimes used to make ethanol,1
The inside of the Thanksgiving turkey is white instead of pink because of,heat energy,light energy,color energy,color transfusion,A,davinci, A: the lack of oxygen,0
Little puppies are a result of:,reproduction ?,pet store sale,a begging child,evolution,A,davinci, A: puppy mills,0
What would a Jersey most likely be fed?,hamburger,moles,alfalfa,cow,C,davinci, A: hay,0
Which of these energy sources generates the least amount of pollution?,coal,windmill,lithium batteries,gasoline,B,davinci, A: solar,0
Grass snakes live in what?,trees,mountains,lakes,turf,D,davinci, A: grass,1
Cephalopod ink is by octopuses to,mate,feed,hide,play,C,davinci, escape predators A: by confusing them,1
Tapping a drumstick to a drum will,reverberate when touched together,vibrate when next to each other,shake around when near,put each other down,A,davinci, cause the drum to vibrate,1
Snow is more likely to fall two months before,June,March,September,December,B,davinci, the winter solstice A: because the earth is closer to the sun,0
If I want to avoid being dinner for some type of frog what should I reincarnate as?,Scorpion,House Fly,Cricket,Moth,A,davinci, A: a type of frog that is not a predator of the frog that wants to eat you,0
Dead plants are easier to find in,January,July,May,September,A,davinci, the forest A: they are brown,1
The harder a child pushes a toy car,decreases the distance it will travel,the further it will roll across the floor,the quicker the child will want to play with another toy,determines how long the child with play with it,B,davinci,", the faster it goes",1
Fossil fuels,come from old age,come from expired life,take two years to create,are created in a year,B,davinci, are a non-renewable resource A: they are being recycled,1
"A star, burning far, far away, has enormous pressure and temperature. This allows for",a room to have overhead lights,night on Earth to be dimly lit,plastic stars to decorate a ceiling,a person to be the star of a show,B,davinci, nuclear fusion to occur,0
Erosion is caused by different kinds of,soil,fish,rocks,weather,D,davinci, forces A: like wind and water,1
Respiration is a,happens for some species,happens for only land dwelling mammals,occurs for only sea creatures,commonality among all animals,D,davinci, process of A: breathing,1
"In order for your computer to operate, it must have an electrical path that is what?",magical,closed,broken,open,B,davinci, A: live,1
Polar bears live in,frosty environments,tepid environments,warm environments,tropical environments,A,davinci, the Arctic A: they are arctic bears,1
What would be more likely to attract a magnet?,a plastic zipper,flowing water,a car engine,A wooden desk,C,davinci, A: a magnet,1
What constitutes a frog's diet?,it eats all plants,it will eat dogs,it only eats burgers,it chomps on insects,D,davinci, A: flies and bugs,1
What is an example of the digestive system digesting food for the body?,a man eating nachos then getting food poisoning,a baby drinking formula then needing a diaper change,a cat eating food then throwing it up,a horse licking a salt lick,B,davinci, A: The liver,0
The body is negatively impacted by,white blood cells,vitamins,rotavirus,nasal decongestants,C,davinci, A: the absence of nutrients,1
"Someone wants their electromagnets to work, but is having difficulty powering them. In order to make them work, they need to",run wire through currants,run a continuous current,run around the wire,currently run wire through,B,davinci, be powered by a source of energy,1
"if a place has experienced flooding, what could be responsible?",all of these,there has been excess condensed water vapor,the water lacks oxygen,the local deities are angry,B,davinci, A: a flood,1
What is an example of reproduction?,farming,egg depositing,flying,walking,B,davinci, A: a baby,1
A place that is snowy has a large amount of,wind,storms,frozen water,rain,C,davinci, snow A: a snowstorm,1
An ideal abode for crickets is,a small potted plant in a house,a green and lush tree and plant packed area,a briny and warm body of water,a area surrounded by spider webs,B,davinci, A: a cricket farm,1
Carbon steel is always what?,attractive to various objects that contain iron,pleasant with a magnetic personality,made up of iron and pieces of magnets,hard as a magnetizing rod,A,davinci, A: rusting,1
"if a bat delivers a live offspring, what does this tell us?",it is a mammal,calling it a bird is wrong,all of these,it is capable of reproducing,C,davinci, A: it's a fruit bat,0
"If you find something smooth and hard on the ground, it is probably made of what?",minerals,mist,clouds,water,A,davinci, A: glass,0
as you get closer to something it begins to,shrinks down to nothing,grow in size visually,show a large shadow,rotate in a clockwise direction,B,davinci, look like a _________ A: mirage,0
After a storm,ponds may dry out,flowers will wilt and wither,creek beds may be spilling over,drinking water will be in short supply,C,davinci,", the sun comes out A: the sun is shining",1
What could I use as biofuel,Gold,Car,Diamonds,Pine Needles,D,davinci,? A: your own body,1
Which animal is hiding from a predator?,a tadpole losing its tail as it grows,an angler fish using its Esca to lure another fish,an octopus mimicking the color and texture of a rocky outcrop,a great white shark breaching the water's surface,C,davinci, A: a mouse,1
Which best demonstrates the concept of force causing an increase in speed?,skating on a rough surface,a full bag swung in circles,a computer powering on,a baker stirring batter,B,davinci, A: a car crash,0
the night sky shows very far away what,clumps of flaming gas,tidal waves washing over beaches,aircraft falling towards collision,party balloons tied to houses,A,davinci,? A: stars,1
Which would you likely find inside a beach ball?,cheese,steam,water,air,D,davinci, A: air,1
Two fridge decorations when touched back to back,shove each other away,are attracted to each other,have very little reaction,are reflective when together,A,davinci, A: a magnet,1
Runoff happens because of,birds,cattails,people,fish,C,davinci, the A: rain,1
Desert environments are generally,sweltering,arctic like,lush,frigid,A,davinci, A: arid,0
Are deserts characterized by high sunshine?,they get low sunlight,deserts get surplus sun,deserts get little sun,deserts are always cloudy,B,davinci," A: No, they are characterized by high sand",0
Water conservation could be a survival tactic in,The Appalachian Mountains,New York City,The Amazon,The Gobi Desert,D,davinci, the future,1
Objects used to hold sheets of paper together are often,large,wooden,ferromagnetic,electronic,C,davinci, called A: paper clips,1
"In order for plants and animals to grow, they need to consume food and water for",energy,fun,taste,soil,A,davinci, energy,1
A bear cub learns to stay away from unknown bears because,they are much bigger than the cub,the other bears look like its mother,their mother teaches them to keep their distance,the unknown bears look harmless,C,davinci, A: it's mother is a bear,1
a person driving to work in which of these is most likely to lose control?,a dry cobblestone road,a sleet covered highway,a dry paved road,a dry gravel road,B,davinci, A: a person driving to work in a car,1
"The only creature with offspring that is hatched, of these, is the",squirrel,swallow,mink,bat,B,davinci, A: chicken,1
What element is prevalent in a plateau?,helium,krypton,silicon,neon,C,davinci, A: carbon,0
"When a city tears down a park in a city, the park",is removed,is renewed,is retrieved,is restored,A,davinci, is being deconstructed,1
Seeds,are useless shells that need to be discarded,store extra bits of chlorophyll,need to be mashed to grow,aid in feeding what grows from them,D,davinci, are the best source of protein A: they are the best source of carbohydrates,0
"If a grizzly bear eats a salmon, what is the grizzly bear demonstrating?",consumption,cinematography,direction,production,A,davinci, A: He is demonstrating that he is a grizzly bear,1
The spring season brings,Bees,Snow,More Oxygen,Dust,A,davinci, A: the smell of flowers,1
"Kinetic energy can be found in objects that move, such as",flower pots on a wagon,cars that are in a lot,kids that are sleeping soundly,skateboards that are ridden all day,D,davinci, A: a car,1
which of these is the quickest to go visiting from our world?,none of these,a trip to mars,a trip to the moon,a trip to the northern star,C,davinci," A: the letter ""e""",0
Animals died after the removal of a,bush,street,house,city,A,davinci, part of the brain A: the part of the brain that controls the animal's death,1
"If I want to go running at night, what can I use as a reflector?",A black shirt,Kitchen foil,Sunglasses,A megaphone,B,davinci, A: a cat,0
the closest star to our planet delivers solar energy to the planet,maybe,all of these,this is sure,this is uncertain,C,davinci, A: the sun,1
Coal-fire power stations heat coal to incredible temps in order to,produce energy,use heat energy,burn energy,fuel the world,A,davinci, burn it,1
"Creatures sometimes have barbs on their backs that they use to sting, all of these do, outside of the",wasp,bee,scorpion,butterfly,D,davinci, ones that are poisonous,1
A renewable resource is,fossil fuel,turbine produced electricity,copper,coal lumps,B,davinci, A: a resource that can be renewed,1
"In a hypothetical world, black bears decrease in numbers until there are zero black bears left on this world. The black bear species",would cease existing,would be troubled,would be thriving,would be endangered,A,davinci, is extinct,1
Acid can be used to make a new,light,substance,electricity,sound,B,davinci, battery A: acid can be used to make a new battery,1
Global warming is lowering the world's amount of,hurricanes,ocean levels,carbon dioxide,ice,D,davinci, A: water,0
Echolocation can't detect an object's,distance,shape,size,temperature,D,davinci, A: mass,1
What material has already broken down?,wood,glass,boulders,sand,D,davinci, A: food,0
Which beverage would dissolve solids the best?,A glass of ice-cold water,A boiling hot mug of tea,A cup of warm milk,A room temperature glass of water,B,davinci, A: water,0
Which animal has live births?,poodle,hummingbird,crocodile,trout,A,davinci, A: the human,1
Quartz crystals are made up of,majic,hexagons,octogons,water,B,davinci, A: silicon dioxide,1
cellular respiration is when energy is produced in a cell by consumption of,water,nutrients,mitochondria,gas,B,davinci, oxygen and glucose A: cellular respiration is when energy is produced in a cell by consumption of oxygen and glucose Q: What is the process of breaking down food into smaller molecules? A: Decomposition Q: What is the process of breaking down,1
Did pasteurization get invented by Thomas Edison?,negative,positive,all of these,maybe it was,A,davinci," A: No, it was invented by Louis Pasteur",1
A glass of water can undergo a chemical change by adding,a cup of salt,a cup of dirt,a cup of water,a cup of ice,A,davinci, a teaspoon of sugar,0
Water levels may decrease on cloudless days because,water is warmer than the air,air is warmer than water,moisture is pulled upwards,moisture always tries to rise,C,davinci, A: the sun evaporates the water,1
To change an object's shape,rip off a corner portion,lay it flat on a table,color the edges of it,add a piece of tape to it,A,davinci, A: you must first change its chemical composition,0
Steve was driving on the highway when he rear-ended another car because he didn't see it until he was just a foot away. This could have happened because of,reports of tornadoes in the area,a dog running across the highway behind Steve's car,a sudden fog moving into the area,ice forming on the road,C,davinci, A: Steve's short-sightedness,0
DNA is a vehicle for passing,clothes types,school grades,elbow size,language and dialect,C,davinci, on information A: it's a data storage device,1
A beach ball goes from flat to round once you put what inside of it?,food,sunlight,gas,salt,C,davinci, A: air,1
"In general, how many times per month is there a full moon?",twice,three times,once,four times,C,davinci,A: 12,0
What kind of object does light bounce off of?,tadpole,any object,item that reflects,black hole,C,davinci, A: a mirror,1
The amount of brush in a park has been decreasing. What could be a cause?,the season has been quite dry,There has been a lot of rain,snakes shelter under the brush,People have been walking by the brush on the trails,A,davinci, A: People are using the brush to make toothpicks,0
"if a pot on the stove is described as hot, what does this mean?",the body of the pot is of high temperature,the body of the pot is cold,all of these,the body of the pot is wet,A,davinci, A: it is boiling,1
What animal is more difficult for predators to see in water?,a fish,a duck,an octopus,a crab,C,davinci, A: a fish,0
A wedge requires,electrical energy,chemical energy,mechanical energy,heat energy,C,davinci, a hammer to be hammered A: a hammer requires a wedge to be hammered,0
In solid phase matter has a/an,concrete configuration,ambiguous form,shapeless form,radioactive glow,A,davinci, A: atomic structure,1
"A school trip is going to study the coral reef for a class. They want to see how strong coral is, and what species of life live in and around it. Therefore, the class",takes a trip to the desert,climbs a tall mountain,travels to the seaside,visits a remote jungle,C,davinci, will be studying the coral reef,1
"When ice buildup is on a sidewalk, the ice may be reduced by",adding salt,adding litter,adding sand,adding water,A,davinci, A: a snow shovel,0
The appropriate place to put this item is the recycling bin,used motor oil,used soda can,used Styrofoam plates,left over medicine,B,davinci,,1
How many times would someone change the page of a calendar in a year?,13,12,15,14,B,davinci,A: 365,0
A car has the least speed if it,is heavy,is large,is turned off,is small,C,davinci, is parked A: it is not moving,1
Which musical instrument is the same type as a guitar?,flute,cello,drum,trumpet,B,davinci, A: a violin,0
The balance result will be number of,kilowatts,kilobytes,kilograms,kilometers,C,davinci, calories A: the number of calories is the balance result,0
Which of these is a place where a human might live?,igloo,cloud,Mars,the Moon,A,davinci, A: a house,1
Camouflage is when an organism does what?,reconfigure appearance to blend in,hides its young to avoid prey,changes its shape to appear larger,buries itself to disappear momentarily,A,davinci, A: blends in with its surroundings,1
Which of these is required for a plant to enjoy the product of a rain storm?,xylem,luck,magic,dirt,A,davinci, A: a rain gauge,0
How does a microscope make small things appear?,humongous,transparent,discolored,distorted,A,davinci, A: by using a microscope,1
Water can turn to vapor,when a pot of water is placed on an off stove burner,when placing water in a freezer,when boiling eggs on a stove top,when placed in a room temperature setting,C,davinci, A: when it is heated,1
"An incandescent bulb's filament produces similar light as an LED bulb, but more",white light,conversion,heat,sound,C,davinci, efficiently,0
"A boy at school is waiting desperately for the school day to be over so that he can go home and play video games. He watches the time count down on the clock at the head of the class, counting the",seconds,days,weeks,years,A,davinci, minutes until he can go home,1
Camouflage can be used by animals for hunting,water,trees,air,meals,D,davinci, A: or by soldiers for hiding,1
"Carbohydrates are made of sugar, which means that a diabetic would need to exhibit care in consuming",broccoli,meat,celery,toast,D,davinci, them,1
Hand dryers can also be used to,keep cold drinks cool,dry out clothes after coming in from the rain,hydrate your face and hands,make a damp rag damper,B,davinci, dry hands A: they are also used to dry hands,1
Polar bears require,a tropical environment,a frigid environment,a tepid environment,a warm environment,B,davinci, a lot of food to survive A: they are fat,1
A measurement of time that is less than a minute is a,day,minute,hour,second,D,davinci,: A: microsecond,1
What will be more available in an area when rainfall increases?,fire,air,dirt,H2O,D,davinci, A: water,1
When does the first quarter phase of the moon occur?,when you cannot see the moon in the sky at night,after the first phase of the lunar month,after a blue moon,during the full moon,B,davinci, A: when the moon is a quarter of the way around the earth,1
An ice cube placed in sunlight will,shrink,change color,grow,freeze,A,davinci, melt,1
"If a person loses his job and is low on money, he will have to start cutting back on how much food he consumes or he'd run out, otherwise known as",destroying,conserving,losing,squandering,B,davinci," ""starving""",0
The skeletal system protects which of these?,liver,eyelashes,finger nails,blood vessels,A,davinci, A: the brain,1
What has more gravity force than Earth but less than the sun?,Jupiter,the moon,a space station,a comet,A,davinci, A: a neutron,0
The dam was put under much more stress after the,party,huge rain storm,drought,breakup.,B,davinci, flood,1
If photosynthesis was a recipe it would require these ingredients,"CO2, water, and argon","sunlight, oxygen, and fertilizer","CO2, H20, and cloudy skies","CO2, H20, and sun rays",D,davinci,": A: Sunlight, water, carbon dioxide, and chlorophyll",1
"If a nail is Fe, that nail is",foreign,atomic 26,nickel,atomic 12,B,davinci, Fe,1
when a circle is torn it is,doubled,changed,a smaller circle,a square,B,davinci, no longer a circle A: it is a line,1
Wind can cause,leaves to remain on branches,trees to stand perfectly still,dunes at the beach to be depleted,still waters on the ocean,C,davinci, a fire to spread A: it can blow embers,1
What happens as water levels rise?,fish swim more,homes are built,land is taller,beaches shrink,D,davinci, A: The water table rises,1
An increase in an object's temperature occurs when,an orange is placed in a refrigerator,a steak is removed from the freezer to defrost,a glass of water is moved from counter top to dinner table,an ice tray is placed in a freezer,B,davinci, A: the object is being heated,1
A sousaphone,is ancient,is a frog,makes deep noises,is a smartphone,C,davinci, is a musical instrument A: that is used to play the tuba,1
A cooked lobster is,inedible,cold,dead,green,C,davinci, a dead lobster,1
An animal might pant,on a sunny day,during a rain storm,when it is snowing,during the night time,A,davinci, to cool itself down A: but it's not a good idea to do so,0
Carnivores,eat foliage and vegetables exclusively,are the bottom of the food chain,require prey to survive,require carbon dioxide to survive,C,davinci, are A: meat eaters,1
The light that appears dimmest is,the light in the hall,a light in the room,a star outside the window,a streetlight outside the window,C,davinci, A: the light of the sun,0
A plant will grow strong if it has,love,heat,earth,sand,C,davinci, a strong root system,1
loose soil can be caused by one of these,a koala sitting on a tree,none of these,a worm burrowing through the earth,a bird flying through the air,C,davinci, A: a landslide,0
An instinctual behavior is,dogs rolling over on command,frogs returning to the ponds were they hatched to lay eggs,birds mimicking human speech,seals clapping for treats from trainers,B,davinci, one that is A: innate,1
How do plants reproduce?,seeds,stem,flowers,leaves,A,davinci, A: They make seeds,1
What produce pollen and seeds?,lakes that are frozen over,things you give a loved one in a bouquet,various types of animals,a person that is healthy,B,davinci, A: plants,1
which of these would be most ideal for plant root growth?,a sticky clay soil,soil with worms burrowing around,an arid soil with little looseness,all of these,B,davinci, A: a,0
Having a sense of touch means,I am the water,I am a tree,I am an Ant,I am the Air,C,davinci, you have a sense of A: touch,1
Live birth is exemplified in,snakes slithering out of eggs,a calf emerging from a mother giraffe,owlets pecking out of their encasement,sea turtles emerging from their shells,B,davinci, the human species A: the mother is the host,1
Cooking peas requires,fresh briny sea water,an unheated stove top,salt and cayenne pepper,turning on a stove top,D,davinci, a lot of water A: it's a lot of water,0
Earth revolves around,the moon,outer space,another planet,an energy source,D,davinci, the sun A: the sun revolves around the earth,0
A satellite orbits a,empty space,ocean,terrestrial body,air pocket,C,davinci, planet A: the planet is the center of the universe,0
Will happen to the number of islands if the planet's temperature rises?,they will increase,nothing will happen,they will shrink,they will double,C,davinci, A: They will be submerged,1
There is a heightened threat of landslide in,the desert,The Andes,the ocean,Indiana,B,davinci, the area A: the ground is unstable,1
An example of water being an electrical conductor would be what?,lightening hitting water and organisms inside dying,standing in a puddle and avoiding being struck by lightening,standing in a field and getting struck by lightening,grabbing a fence and being shocked,A,davinci, A: a lightning bolt,1
What would Occur once between January 1st and December 31st,The moons orbit around the year,One rotation on mercury,The distance between earth and Jupiter when traveling at light speed,A Solar Year on earth,D,davinci,? A: A leap year,0
Burning something that reproduces usually will:,impair its well being in some way,weed out weaker members of the species,speed up its biological functions,increase its population growth,A,davinci, A: reduce the population,1
what does a chipmunk do with acorns,throw them at other chipmunks,leave them where they're found,use them to build shelter,transfer them to the stomach,D,davinci,? A: He puts them in his cheeks,1
"A pot of pasta is boiling on the stove, and the lid on top of the pot is shaking as the water boils more rapidly. A person goes to the stove and removes the pot, releasing steam into the air above, and so the steam is",cold air,water vapor,very dry,boiling water,B,davinci, no longer in contact with the lid,0
A plant that gets extra minerals such as zinc are probably,planted in zinc pills,plated in the sea,placed in good soil,made out of soil,C,davinci, A: zinc-rich,1
Which item has a higher altitude?,Tile Floor,Cars,A 6'' Man,A Picture Book,C,davinci, A: a mountain,1
"if a student wants an orange, he would have to get it from which of these?",from a live cow,from a live plant,from a volcano cave,from a wild dog,B,davinci, A: the orange tree,1
What could have covered an organism in order to create a trilobite?,Grass,Water,Snow,Sand,D,davinci, A: a rock,0
A dog is more likely to shiver at,1:00 PM,5:00 AM,9:00 AM,6:00 PM,B,davinci, night A: because it's cold,1
"Photosynthesis does what by converting carbon dioxide, water, and sunlight into carbohydrates?",nourishes small protein bits that need to eat with tiny shakes,providing nourishment which enables some growth to vegetation,mixes carbs into soluble plant matter,makes good vegetable protein,B,davinci, A: It reduces carbon dioxide,1
where might a bunny live?,a thicket,atop palm trees,a sewer system,a deserted island,A,davinci, A: in a hutch,1
"A shark will be unable to survive on eating algae and moss, because",it is a predator,it is a vegetarian,it is a freshwater fish,it is a producer,A,davinci, A: it is not a carnivore,0
"A meadow vole just gave birth, and needs to feed herself so that she can produce milk for her babies. She searches for food in a field, and happily munches down on some",oil,deer,bugs,recycled plastic fruit,C,davinci, grass,1
The Grand Canyon was formed by,a volcano erupting in 1782,a river named after the 20th state to join the union flowing over time,a river named after the 38th state to join the union flowing over time,the Great Lakes drying up,C,davinci, A: erosion,1
"A woman, with a pale complexion, wants to spend the bright, sunny day at the beach. She makes sure that she stops at the store to pick up some sunblock before she begins to enjoy her day filled with sand and surf. She applies the sunblock carefully and thoroughly, because she knows that",UV rays are harmful,sunlight will be fun,the sun is close,the sun is in space,A,davinci, she will be out in the sun for a long time,1
A person is heating water in order to cook pasta. He spills the pot of water on his leg and finds that the water,scalds,cools,toasts,freezes,A,davinci, is hot,1
Pasta may be cooked in water when,the water is warm,the water is on the stove,water is bubbling from applied warmth,the pasta is very fresh,C,davinci, A: it is being boiled,1
A decrease in diseases,has no impact on a population,leads to more sick people,leads to less sick people,leads to an uptick in emergency room visits,C,davinci, A: is a decrease in the number of sick people,1
"When soil is viewed in a scientific way, what is seen and viewed is actually",insects like big beetles,tiny lifeforms in dirt,small mammals living there,a lot of tiny pebbles,B,davinci, a living organism,1
Some animals use a liquid coming from their skin to adjust to,cold,water,heat,humidity,C,davinci, the temperature of their environment,1